{"average_price_per_mile": 12.660744536224648, "payment_type_counts": {"1": 642764, "2": 136744, "3": 6991, "4": 2932}, "custom_indicator": 3.927595125490725}