{"average_price_per_mile": 12.906673523871417, "payment_type_counts": {"1": 620910, "2": 124236, "3": 6979, "4": 2486}, "custom_indicator": 4.006040521677185}